<application>
  <component name="FileTypeManager" version="18">
    <extensionMap>
      <mapping pattern="VideoViewControlListener" type="AUTO_DETECTED" />
      <mapping pattern="TestActivity" type="AUTO_DETECTED" />
      <mapping pattern="草木皆兵" type="AUTO_DETECTED" />
      <mapping pattern="CallBackExample" type="AUTO_DETECTED" />
      <mapping ext="gradle.kts" type="Kotlin" />
      <mapping ext="main.kts" type="Kotlin" />
      <mapping pattern="Test" type="PLAIN_TEXT" />
      <mapping pattern="备忘" type="PLAIN_TEXT" />
      <removed_mapping ext="apk" approved="true" type="ARCHIVE" />
      <removed_mapping ext="pro" approved="true" type="DeviceSpecFile" />
      <removed_mapping ext="psd" approved="true" type="Image" />
    </extensionMap>
  </component>
</application>