<application>
  <component name="ProjectJdkTable">
    <jdk version="2">
      <name value="Kotlin SDK" />
      <type value="KotlinSDK" />
      <version value="1.2.30" />
      <homePath value="E:\AndroidStudioInstall\plugins\Kotlin\kotlinc" />
      <roots>
        <annotationsPath>
          <root type="composite" />
        </annotationsPath>
        <classPath>
          <root type="composite" />
        </classPath>
        <javadocPath>
          <root type="composite" />
        </javadocPath>
        <sourcePath>
          <root type="composite" />
        </sourcePath>
      </roots>
      <additional />
    </jdk>
    <jdk version="2">
      <name value="1.8" />
      <type value="JavaSDK" />
      <version value="version 1.8.0_321" />
      <homePath value="E:/work/jdk8Install" />
      <roots>
        <annotationsPath>
          <root type="composite">
            <root url="jar://$APPLICATION_HOME_DIR$/plugins/java/lib/jdkAnnotations.jar!/" type="simple" />
          </root>
        </annotationsPath>
        <classPath>
          <root type="composite">
            <root url="jar://E:/work/jdk8Install/jre/lib/charsets.jar!/" type="simple" />
            <root url="jar://E:/work/jdk8Install/jre/lib/deploy.jar!/" type="simple" />
            <root url="jar://E:/work/jdk8Install/jre/lib/ext/access-bridge-64.jar!/" type="simple" />
            <root url="jar://E:/work/jdk8Install/jre/lib/ext/cldrdata.jar!/" type="simple" />
            <root url="jar://E:/work/jdk8Install/jre/lib/ext/dnsns.jar!/" type="simple" />
            <root url="jar://E:/work/jdk8Install/jre/lib/ext/jaccess.jar!/" type="simple" />
            <root url="jar://E:/work/jdk8Install/jre/lib/ext/jfxrt.jar!/" type="simple" />
            <root url="jar://E:/work/jdk8Install/jre/lib/ext/localedata.jar!/" type="simple" />
            <root url="jar://E:/work/jdk8Install/jre/lib/ext/nashorn.jar!/" type="simple" />
            <root url="jar://E:/work/jdk8Install/jre/lib/ext/sunec.jar!/" type="simple" />
            <root url="jar://E:/work/jdk8Install/jre/lib/ext/sunjce_provider.jar!/" type="simple" />
            <root url="jar://E:/work/jdk8Install/jre/lib/ext/sunmscapi.jar!/" type="simple" />
            <root url="jar://E:/work/jdk8Install/jre/lib/ext/sunpkcs11.jar!/" type="simple" />
            <root url="jar://E:/work/jdk8Install/jre/lib/ext/zipfs.jar!/" type="simple" />
            <root url="jar://E:/work/jdk8Install/jre/lib/javaws.jar!/" type="simple" />
            <root url="jar://E:/work/jdk8Install/jre/lib/jce.jar!/" type="simple" />
            <root url="jar://E:/work/jdk8Install/jre/lib/jfr.jar!/" type="simple" />
            <root url="jar://E:/work/jdk8Install/jre/lib/jfxswt.jar!/" type="simple" />
            <root url="jar://E:/work/jdk8Install/jre/lib/jsse.jar!/" type="simple" />
            <root url="jar://E:/work/jdk8Install/jre/lib/management-agent.jar!/" type="simple" />
            <root url="jar://E:/work/jdk8Install/jre/lib/plugin.jar!/" type="simple" />
            <root url="jar://E:/work/jdk8Install/jre/lib/resources.jar!/" type="simple" />
            <root url="jar://E:/work/jdk8Install/jre/lib/rt.jar!/" type="simple" />
          </root>
        </classPath>
        <javadocPath>
          <root type="composite" />
        </javadocPath>
        <sourcePath>
          <root type="composite">
            <root url="jar://E:/work/jdk8Install/src.zip!/" type="simple" />
            <root url="jar://E:/work/jdk8Install/javafx-src.zip!/" type="simple" />
          </root>
        </sourcePath>
      </roots>
      <additional />
    </jdk>
    <jdk version="2">
      <name value="Embedded JDK" />
      <type value="JavaSDK" />
      <version value="version 11.0.11" />
      <homePath value="$APPLICATION_HOME_DIR$/jre" />
      <roots>
        <annotationsPath>
          <root type="composite">
            <root url="jar://$APPLICATION_HOME_DIR$/plugins/java/lib/jdkAnnotations.jar!/" type="simple" />
          </root>
        </annotationsPath>
        <classPath>
          <root type="composite">
            <root url="jrt://E:/work/AndroidStudioInstall2021_1_11/jre!/java.base" type="simple" />
            <root url="jrt://E:/work/AndroidStudioInstall2021_1_11/jre!/java.compiler" type="simple" />
            <root url="jrt://E:/work/AndroidStudioInstall2021_1_11/jre!/java.datatransfer" type="simple" />
            <root url="jrt://E:/work/AndroidStudioInstall2021_1_11/jre!/java.desktop" type="simple" />
            <root url="jrt://E:/work/AndroidStudioInstall2021_1_11/jre!/java.instrument" type="simple" />
            <root url="jrt://E:/work/AndroidStudioInstall2021_1_11/jre!/java.logging" type="simple" />
            <root url="jrt://E:/work/AndroidStudioInstall2021_1_11/jre!/java.management" type="simple" />
            <root url="jrt://E:/work/AndroidStudioInstall2021_1_11/jre!/java.management.rmi" type="simple" />
            <root url="jrt://E:/work/AndroidStudioInstall2021_1_11/jre!/java.naming" type="simple" />
            <root url="jrt://E:/work/AndroidStudioInstall2021_1_11/jre!/java.net.http" type="simple" />
            <root url="jrt://E:/work/AndroidStudioInstall2021_1_11/jre!/java.prefs" type="simple" />
            <root url="jrt://E:/work/AndroidStudioInstall2021_1_11/jre!/java.rmi" type="simple" />
            <root url="jrt://E:/work/AndroidStudioInstall2021_1_11/jre!/java.scripting" type="simple" />
            <root url="jrt://E:/work/AndroidStudioInstall2021_1_11/jre!/java.se" type="simple" />
            <root url="jrt://E:/work/AndroidStudioInstall2021_1_11/jre!/java.security.jgss" type="simple" />
            <root url="jrt://E:/work/AndroidStudioInstall2021_1_11/jre!/java.security.sasl" type="simple" />
            <root url="jrt://E:/work/AndroidStudioInstall2021_1_11/jre!/java.smartcardio" type="simple" />
            <root url="jrt://E:/work/AndroidStudioInstall2021_1_11/jre!/java.sql" type="simple" />
            <root url="jrt://E:/work/AndroidStudioInstall2021_1_11/jre!/java.sql.rowset" type="simple" />
            <root url="jrt://E:/work/AndroidStudioInstall2021_1_11/jre!/java.transaction.xa" type="simple" />
            <root url="jrt://E:/work/AndroidStudioInstall2021_1_11/jre!/java.xml" type="simple" />
            <root url="jrt://E:/work/AndroidStudioInstall2021_1_11/jre!/java.xml.crypto" type="simple" />
            <root url="jrt://E:/work/AndroidStudioInstall2021_1_11/jre!/jdk.accessibility" type="simple" />
            <root url="jrt://E:/work/AndroidStudioInstall2021_1_11/jre!/jdk.aot" type="simple" />
            <root url="jrt://E:/work/AndroidStudioInstall2021_1_11/jre!/jdk.attach" type="simple" />
            <root url="jrt://E:/work/AndroidStudioInstall2021_1_11/jre!/jdk.charsets" type="simple" />
            <root url="jrt://E:/work/AndroidStudioInstall2021_1_11/jre!/jdk.compiler" type="simple" />
            <root url="jrt://E:/work/AndroidStudioInstall2021_1_11/jre!/jdk.crypto.cryptoki" type="simple" />
            <root url="jrt://E:/work/AndroidStudioInstall2021_1_11/jre!/jdk.crypto.ec" type="simple" />
            <root url="jrt://E:/work/AndroidStudioInstall2021_1_11/jre!/jdk.dynalink" type="simple" />
            <root url="jrt://E:/work/AndroidStudioInstall2021_1_11/jre!/jdk.hotspot.agent" type="simple" />
            <root url="jrt://E:/work/AndroidStudioInstall2021_1_11/jre!/jdk.httpserver" type="simple" />
            <root url="jrt://E:/work/AndroidStudioInstall2021_1_11/jre!/jdk.internal.ed" type="simple" />
            <root url="jrt://E:/work/AndroidStudioInstall2021_1_11/jre!/jdk.internal.jvmstat" type="simple" />
            <root url="jrt://E:/work/AndroidStudioInstall2021_1_11/jre!/jdk.internal.le" type="simple" />
            <root url="jrt://E:/work/AndroidStudioInstall2021_1_11/jre!/jdk.internal.opt" type="simple" />
            <root url="jrt://E:/work/AndroidStudioInstall2021_1_11/jre!/jdk.internal.vm.ci" type="simple" />
            <root url="jrt://E:/work/AndroidStudioInstall2021_1_11/jre!/jdk.internal.vm.compiler" type="simple" />
            <root url="jrt://E:/work/AndroidStudioInstall2021_1_11/jre!/jdk.internal.vm.compiler.management" type="simple" />
            <root url="jrt://E:/work/AndroidStudioInstall2021_1_11/jre!/jdk.jartool" type="simple" />
            <root url="jrt://E:/work/AndroidStudioInstall2021_1_11/jre!/jdk.javadoc" type="simple" />
            <root url="jrt://E:/work/AndroidStudioInstall2021_1_11/jre!/jdk.jdeps" type="simple" />
            <root url="jrt://E:/work/AndroidStudioInstall2021_1_11/jre!/jdk.jdi" type="simple" />
            <root url="jrt://E:/work/AndroidStudioInstall2021_1_11/jre!/jdk.jdwp.agent" type="simple" />
            <root url="jrt://E:/work/AndroidStudioInstall2021_1_11/jre!/jdk.jfr" type="simple" />
            <root url="jrt://E:/work/AndroidStudioInstall2021_1_11/jre!/jdk.jlink" type="simple" />
            <root url="jrt://E:/work/AndroidStudioInstall2021_1_11/jre!/jdk.jsobject" type="simple" />
            <root url="jrt://E:/work/AndroidStudioInstall2021_1_11/jre!/jdk.localedata" type="simple" />
            <root url="jrt://E:/work/AndroidStudioInstall2021_1_11/jre!/jdk.management" type="simple" />
            <root url="jrt://E:/work/AndroidStudioInstall2021_1_11/jre!/jdk.management.agent" type="simple" />
            <root url="jrt://E:/work/AndroidStudioInstall2021_1_11/jre!/jdk.management.jfr" type="simple" />
            <root url="jrt://E:/work/AndroidStudioInstall2021_1_11/jre!/jdk.naming.dns" type="simple" />
            <root url="jrt://E:/work/AndroidStudioInstall2021_1_11/jre!/jdk.naming.rmi" type="simple" />
            <root url="jrt://E:/work/AndroidStudioInstall2021_1_11/jre!/jdk.net" type="simple" />
            <root url="jrt://E:/work/AndroidStudioInstall2021_1_11/jre!/jdk.pack" type="simple" />
            <root url="jrt://E:/work/AndroidStudioInstall2021_1_11/jre!/jdk.scripting.nashorn" type="simple" />
            <root url="jrt://E:/work/AndroidStudioInstall2021_1_11/jre!/jdk.scripting.nashorn.shell" type="simple" />
            <root url="jrt://E:/work/AndroidStudioInstall2021_1_11/jre!/jdk.sctp" type="simple" />
            <root url="jrt://E:/work/AndroidStudioInstall2021_1_11/jre!/jdk.security.auth" type="simple" />
            <root url="jrt://E:/work/AndroidStudioInstall2021_1_11/jre!/jdk.security.jgss" type="simple" />
            <root url="jrt://E:/work/AndroidStudioInstall2021_1_11/jre!/jdk.unsupported" type="simple" />
            <root url="jrt://E:/work/AndroidStudioInstall2021_1_11/jre!/jdk.xml.dom" type="simple" />
            <root url="jrt://E:/work/AndroidStudioInstall2021_1_11/jre!/jdk.zipfs" type="simple" />
          </root>
        </classPath>
        <javadocPath>
          <root type="composite" />
        </javadocPath>
        <sourcePath>
          <root type="composite" />
        </sourcePath>
      </roots>
      <additional />
    </jdk>
    <jdk version="2">
      <name value="Android Studio default JDK" />
      <type value="JavaSDK" />
      <version value="version 1.8.0_321" />
      <homePath value="E:/work/jdk8Install" />
      <roots>
        <annotationsPath>
          <root type="composite">
            <root url="jar://$APPLICATION_HOME_DIR$/plugins/java/lib/jdkAnnotations.jar!/" type="simple" />
          </root>
        </annotationsPath>
        <classPath>
          <root type="composite">
            <root url="jar://E:/work/jdk8Install/jre/lib/charsets.jar!/" type="simple" />
            <root url="jar://E:/work/jdk8Install/jre/lib/deploy.jar!/" type="simple" />
            <root url="jar://E:/work/jdk8Install/jre/lib/ext/access-bridge-64.jar!/" type="simple" />
            <root url="jar://E:/work/jdk8Install/jre/lib/ext/cldrdata.jar!/" type="simple" />
            <root url="jar://E:/work/jdk8Install/jre/lib/ext/dnsns.jar!/" type="simple" />
            <root url="jar://E:/work/jdk8Install/jre/lib/ext/jaccess.jar!/" type="simple" />
            <root url="jar://E:/work/jdk8Install/jre/lib/ext/jfxrt.jar!/" type="simple" />
            <root url="jar://E:/work/jdk8Install/jre/lib/ext/localedata.jar!/" type="simple" />
            <root url="jar://E:/work/jdk8Install/jre/lib/ext/nashorn.jar!/" type="simple" />
            <root url="jar://E:/work/jdk8Install/jre/lib/ext/sunec.jar!/" type="simple" />
            <root url="jar://E:/work/jdk8Install/jre/lib/ext/sunjce_provider.jar!/" type="simple" />
            <root url="jar://E:/work/jdk8Install/jre/lib/ext/sunmscapi.jar!/" type="simple" />
            <root url="jar://E:/work/jdk8Install/jre/lib/ext/sunpkcs11.jar!/" type="simple" />
            <root url="jar://E:/work/jdk8Install/jre/lib/ext/zipfs.jar!/" type="simple" />
            <root url="jar://E:/work/jdk8Install/jre/lib/javaws.jar!/" type="simple" />
            <root url="jar://E:/work/jdk8Install/jre/lib/jce.jar!/" type="simple" />
            <root url="jar://E:/work/jdk8Install/jre/lib/jfr.jar!/" type="simple" />
            <root url="jar://E:/work/jdk8Install/jre/lib/jfxswt.jar!/" type="simple" />
            <root url="jar://E:/work/jdk8Install/jre/lib/jsse.jar!/" type="simple" />
            <root url="jar://E:/work/jdk8Install/jre/lib/management-agent.jar!/" type="simple" />
            <root url="jar://E:/work/jdk8Install/jre/lib/plugin.jar!/" type="simple" />
            <root url="jar://E:/work/jdk8Install/jre/lib/resources.jar!/" type="simple" />
            <root url="jar://E:/work/jdk8Install/jre/lib/rt.jar!/" type="simple" />
          </root>
        </classPath>
        <javadocPath>
          <root type="composite" />
        </javadocPath>
        <sourcePath>
          <root type="composite">
            <root url="jar://E:/work/jdk8Install/src.zip!/" type="simple" />
            <root url="jar://E:/work/jdk8Install/javafx-src.zip!/" type="simple" />
          </root>
        </sourcePath>
      </roots>
      <additional />
    </jdk>
    <jdk version="2">
      <name value="Android Studio java home" />
      <type value="JavaSDK" />
      <version value="version 1.8.0_321" />
      <homePath value="E:/work/jdk8Install" />
      <roots>
        <annotationsPath>
          <root type="composite">
            <root url="jar://$APPLICATION_HOME_DIR$/plugins/java/lib/jdkAnnotations.jar!/" type="simple" />
          </root>
        </annotationsPath>
        <classPath>
          <root type="composite">
            <root url="jar://E:/work/jdk8Install/jre/lib/charsets.jar!/" type="simple" />
            <root url="jar://E:/work/jdk8Install/jre/lib/deploy.jar!/" type="simple" />
            <root url="jar://E:/work/jdk8Install/jre/lib/ext/access-bridge-64.jar!/" type="simple" />
            <root url="jar://E:/work/jdk8Install/jre/lib/ext/cldrdata.jar!/" type="simple" />
            <root url="jar://E:/work/jdk8Install/jre/lib/ext/dnsns.jar!/" type="simple" />
            <root url="jar://E:/work/jdk8Install/jre/lib/ext/jaccess.jar!/" type="simple" />
            <root url="jar://E:/work/jdk8Install/jre/lib/ext/jfxrt.jar!/" type="simple" />
            <root url="jar://E:/work/jdk8Install/jre/lib/ext/localedata.jar!/" type="simple" />
            <root url="jar://E:/work/jdk8Install/jre/lib/ext/nashorn.jar!/" type="simple" />
            <root url="jar://E:/work/jdk8Install/jre/lib/ext/sunec.jar!/" type="simple" />
            <root url="jar://E:/work/jdk8Install/jre/lib/ext/sunjce_provider.jar!/" type="simple" />
            <root url="jar://E:/work/jdk8Install/jre/lib/ext/sunmscapi.jar!/" type="simple" />
            <root url="jar://E:/work/jdk8Install/jre/lib/ext/sunpkcs11.jar!/" type="simple" />
            <root url="jar://E:/work/jdk8Install/jre/lib/ext/zipfs.jar!/" type="simple" />
            <root url="jar://E:/work/jdk8Install/jre/lib/javaws.jar!/" type="simple" />
            <root url="jar://E:/work/jdk8Install/jre/lib/jce.jar!/" type="simple" />
            <root url="jar://E:/work/jdk8Install/jre/lib/jfr.jar!/" type="simple" />
            <root url="jar://E:/work/jdk8Install/jre/lib/jfxswt.jar!/" type="simple" />
            <root url="jar://E:/work/jdk8Install/jre/lib/jsse.jar!/" type="simple" />
            <root url="jar://E:/work/jdk8Install/jre/lib/management-agent.jar!/" type="simple" />
            <root url="jar://E:/work/jdk8Install/jre/lib/plugin.jar!/" type="simple" />
            <root url="jar://E:/work/jdk8Install/jre/lib/resources.jar!/" type="simple" />
            <root url="jar://E:/work/jdk8Install/jre/lib/rt.jar!/" type="simple" />
          </root>
        </classPath>
        <javadocPath>
          <root type="composite" />
        </javadocPath>
        <sourcePath>
          <root type="composite">
            <root url="jar://E:/work/jdk8Install/src.zip!/" type="simple" />
            <root url="jar://E:/work/jdk8Install/javafx-src.zip!/" type="simple" />
          </root>
        </sourcePath>
      </roots>
      <additional />
    </jdk>
    <jdk version="2">
      <name value="Android API 28 Platform" />
      <type value="Android SDK" />
      <version value="version 1.8.0_321" />
      <homePath value="E:/work/AndroidSdk" />
      <roots>
        <annotationsPath>
          <root type="composite">
            <root url="jar://E:/work/AndroidSdk/platforms/android-28/data/annotations.zip!/" type="simple" />
          </root>
        </annotationsPath>
        <classPath>
          <root type="composite">
            <root url="jar://E:/work/AndroidSdk/platforms/android-28/android.jar!/" type="simple" />
            <root url="file://E:/work/AndroidSdk/platforms/android-28/data/res" type="simple" />
          </root>
        </classPath>
        <javadocPath>
          <root type="composite" />
        </javadocPath>
        <sourcePath>
          <root type="composite">
            <root url="file://E:/work/AndroidSdk/sources/android-28" type="simple" />
          </root>
        </sourcePath>
      </roots>
      <additional jdk="Android Studio default JDK" sdk="android-28" />
    </jdk>
    <jdk version="2">
      <name value="Android API 29 Platform" />
      <type value="Android SDK" />
      <version value="version 1.8.0_321" />
      <homePath value="E:/work/AndroidSdk" />
      <roots>
        <annotationsPath>
          <root type="composite">
            <root url="jar://E:/work/AndroidSdk/platforms/android-29/data/annotations.zip!/" type="simple" />
          </root>
        </annotationsPath>
        <classPath>
          <root type="composite">
            <root url="jar://E:/work/AndroidSdk/platforms/android-29/android.jar!/" type="simple" />
            <root url="file://E:/work/AndroidSdk/platforms/android-29/data/res" type="simple" />
          </root>
        </classPath>
        <javadocPath>
          <root type="composite" />
        </javadocPath>
        <sourcePath>
          <root type="composite">
            <root url="file://E:/work/AndroidSdk/sources/android-29" type="simple" />
          </root>
        </sourcePath>
      </roots>
      <additional jdk="Android Studio default JDK" sdk="android-29" />
    </jdk>
    <jdk version="2">
      <name value="Android API 32 Platform" />
      <type value="Android SDK" />
      <version value="version 1.8.0_321" />
      <homePath value="E:/work/AndroidSdk" />
      <roots>
        <annotationsPath>
          <root type="composite">
            <root url="jar://E:/work/AndroidSdk/platforms/android-32/data/annotations.zip!/" type="simple" />
          </root>
        </annotationsPath>
        <classPath>
          <root type="composite">
            <root url="jar://E:/work/AndroidSdk/platforms/android-32/android.jar!/" type="simple" />
            <root url="file://E:/work/AndroidSdk/platforms/android-32/data/res" type="simple" />
          </root>
        </classPath>
        <javadocPath>
          <root type="composite" />
        </javadocPath>
        <sourcePath>
          <root type="composite">
            <root url="file://E:/work/AndroidSdk/sources/android-32" type="simple" />
          </root>
        </sourcePath>
      </roots>
      <additional jdk="Android Studio default JDK" sdk="android-32" />
    </jdk>
    <jdk version="2">
      <name value="Android API 30 Platform" />
      <type value="Android SDK" />
      <version value="version 1.8.0_321" />
      <homePath value="E:/work/AndroidSdk" />
      <roots>
        <annotationsPath>
          <root type="composite">
            <root url="jar://E:/work/AndroidSdk/platforms/android-30/data/annotations.zip!/" type="simple" />
          </root>
        </annotationsPath>
        <classPath>
          <root type="composite">
            <root url="jar://E:/work/AndroidSdk/platforms/android-30/android.jar!/" type="simple" />
            <root url="file://E:/work/AndroidSdk/platforms/android-30/data/res" type="simple" />
          </root>
        </classPath>
        <javadocPath>
          <root type="composite" />
        </javadocPath>
        <sourcePath>
          <root type="composite">
            <root url="file://E:/work/AndroidSdk/sources/android-30" type="simple" />
          </root>
        </sourcePath>
      </roots>
      <additional jdk="Android Studio default JDK" sdk="android-30" />
    </jdk>
    <jdk version="2">
      <name value="Android API 27 Platform" />
      <type value="Android SDK" />
      <version value="version 1.8.0_321" />
      <homePath value="E:/work/AndroidSdk" />
      <roots>
        <annotationsPath>
          <root type="composite">
            <root url="jar://$APPLICATION_HOME_DIR$/plugins/android/resources/androidAnnotations.jar!/" type="simple" />
          </root>
        </annotationsPath>
        <classPath>
          <root type="composite">
            <root url="jar://E:/work/AndroidSdk/platforms/android-27/android.jar!/" type="simple" />
            <root url="file://E:/work/AndroidSdk/platforms/android-27/data/res" type="simple" />
          </root>
        </classPath>
        <javadocPath>
          <root type="composite" />
        </javadocPath>
        <sourcePath>
          <root type="composite">
            <root url="file://E:/work/AndroidSdk/sources/android-27" type="simple" />
          </root>
        </sourcePath>
      </roots>
      <additional jdk="Android Studio default JDK" sdk="android-27" />
    </jdk>
    <jdk version="2">
      <name value="11" />
      <type value="JavaSDK" />
      <version value="version 11.0.14" />
      <homePath value="E:/work/jdk11Install" />
      <roots>
        <annotationsPath>
          <root type="composite">
            <root url="jar://$APPLICATION_HOME_DIR$/plugins/java/lib/jdkAnnotations.jar!/" type="simple" />
          </root>
        </annotationsPath>
        <classPath>
          <root type="composite">
            <root url="jrt://E:/work/jdk11Install!/java.base" type="simple" />
            <root url="jrt://E:/work/jdk11Install!/java.compiler" type="simple" />
            <root url="jrt://E:/work/jdk11Install!/java.datatransfer" type="simple" />
            <root url="jrt://E:/work/jdk11Install!/java.desktop" type="simple" />
            <root url="jrt://E:/work/jdk11Install!/java.instrument" type="simple" />
            <root url="jrt://E:/work/jdk11Install!/java.logging" type="simple" />
            <root url="jrt://E:/work/jdk11Install!/java.management" type="simple" />
            <root url="jrt://E:/work/jdk11Install!/java.management.rmi" type="simple" />
            <root url="jrt://E:/work/jdk11Install!/java.naming" type="simple" />
            <root url="jrt://E:/work/jdk11Install!/java.net.http" type="simple" />
            <root url="jrt://E:/work/jdk11Install!/java.prefs" type="simple" />
            <root url="jrt://E:/work/jdk11Install!/java.rmi" type="simple" />
            <root url="jrt://E:/work/jdk11Install!/java.scripting" type="simple" />
            <root url="jrt://E:/work/jdk11Install!/java.se" type="simple" />
            <root url="jrt://E:/work/jdk11Install!/java.security.jgss" type="simple" />
            <root url="jrt://E:/work/jdk11Install!/java.security.sasl" type="simple" />
            <root url="jrt://E:/work/jdk11Install!/java.smartcardio" type="simple" />
            <root url="jrt://E:/work/jdk11Install!/java.sql" type="simple" />
            <root url="jrt://E:/work/jdk11Install!/java.sql.rowset" type="simple" />
            <root url="jrt://E:/work/jdk11Install!/java.transaction.xa" type="simple" />
            <root url="jrt://E:/work/jdk11Install!/java.xml" type="simple" />
            <root url="jrt://E:/work/jdk11Install!/java.xml.crypto" type="simple" />
            <root url="jrt://E:/work/jdk11Install!/jdk.accessibility" type="simple" />
            <root url="jrt://E:/work/jdk11Install!/jdk.attach" type="simple" />
            <root url="jrt://E:/work/jdk11Install!/jdk.charsets" type="simple" />
            <root url="jrt://E:/work/jdk11Install!/jdk.compiler" type="simple" />
            <root url="jrt://E:/work/jdk11Install!/jdk.crypto.cryptoki" type="simple" />
            <root url="jrt://E:/work/jdk11Install!/jdk.crypto.ec" type="simple" />
            <root url="jrt://E:/work/jdk11Install!/jdk.crypto.mscapi" type="simple" />
            <root url="jrt://E:/work/jdk11Install!/jdk.dynalink" type="simple" />
            <root url="jrt://E:/work/jdk11Install!/jdk.editpad" type="simple" />
            <root url="jrt://E:/work/jdk11Install!/jdk.hotspot.agent" type="simple" />
            <root url="jrt://E:/work/jdk11Install!/jdk.httpserver" type="simple" />
            <root url="jrt://E:/work/jdk11Install!/jdk.internal.ed" type="simple" />
            <root url="jrt://E:/work/jdk11Install!/jdk.internal.jvmstat" type="simple" />
            <root url="jrt://E:/work/jdk11Install!/jdk.internal.le" type="simple" />
            <root url="jrt://E:/work/jdk11Install!/jdk.internal.opt" type="simple" />
            <root url="jrt://E:/work/jdk11Install!/jdk.internal.vm.ci" type="simple" />
            <root url="jrt://E:/work/jdk11Install!/jdk.internal.vm.compiler" type="simple" />
            <root url="jrt://E:/work/jdk11Install!/jdk.internal.vm.compiler.management" type="simple" />
            <root url="jrt://E:/work/jdk11Install!/jdk.jartool" type="simple" />
            <root url="jrt://E:/work/jdk11Install!/jdk.javadoc" type="simple" />
            <root url="jrt://E:/work/jdk11Install!/jdk.jcmd" type="simple" />
            <root url="jrt://E:/work/jdk11Install!/jdk.jconsole" type="simple" />
            <root url="jrt://E:/work/jdk11Install!/jdk.jdeps" type="simple" />
            <root url="jrt://E:/work/jdk11Install!/jdk.jdi" type="simple" />
            <root url="jrt://E:/work/jdk11Install!/jdk.jdwp.agent" type="simple" />
            <root url="jrt://E:/work/jdk11Install!/jdk.jfr" type="simple" />
            <root url="jrt://E:/work/jdk11Install!/jdk.jlink" type="simple" />
            <root url="jrt://E:/work/jdk11Install!/jdk.jshell" type="simple" />
            <root url="jrt://E:/work/jdk11Install!/jdk.jsobject" type="simple" />
            <root url="jrt://E:/work/jdk11Install!/jdk.jstatd" type="simple" />
            <root url="jrt://E:/work/jdk11Install!/jdk.localedata" type="simple" />
            <root url="jrt://E:/work/jdk11Install!/jdk.management" type="simple" />
            <root url="jrt://E:/work/jdk11Install!/jdk.management.agent" type="simple" />
            <root url="jrt://E:/work/jdk11Install!/jdk.management.jfr" type="simple" />
            <root url="jrt://E:/work/jdk11Install!/jdk.naming.dns" type="simple" />
            <root url="jrt://E:/work/jdk11Install!/jdk.naming.ldap" type="simple" />
            <root url="jrt://E:/work/jdk11Install!/jdk.naming.rmi" type="simple" />
            <root url="jrt://E:/work/jdk11Install!/jdk.net" type="simple" />
            <root url="jrt://E:/work/jdk11Install!/jdk.pack" type="simple" />
            <root url="jrt://E:/work/jdk11Install!/jdk.rmic" type="simple" />
            <root url="jrt://E:/work/jdk11Install!/jdk.scripting.nashorn" type="simple" />
            <root url="jrt://E:/work/jdk11Install!/jdk.scripting.nashorn.shell" type="simple" />
            <root url="jrt://E:/work/jdk11Install!/jdk.sctp" type="simple" />
            <root url="jrt://E:/work/jdk11Install!/jdk.security.auth" type="simple" />
            <root url="jrt://E:/work/jdk11Install!/jdk.security.jgss" type="simple" />
            <root url="jrt://E:/work/jdk11Install!/jdk.unsupported" type="simple" />
            <root url="jrt://E:/work/jdk11Install!/jdk.unsupported.desktop" type="simple" />
            <root url="jrt://E:/work/jdk11Install!/jdk.xml.dom" type="simple" />
            <root url="jrt://E:/work/jdk11Install!/jdk.zipfs" type="simple" />
          </root>
        </classPath>
        <javadocPath>
          <root type="composite" />
        </javadocPath>
        <sourcePath>
          <root type="composite">
            <root url="jar://E:/work/jdk11Install/lib/src.zip!/java.se" type="simple" />
            <root url="jar://E:/work/jdk11Install/lib/src.zip!/jdk.jdi" type="simple" />
            <root url="jar://E:/work/jdk11Install/lib/src.zip!/jdk.jfr" type="simple" />
            <root url="jar://E:/work/jdk11Install/lib/src.zip!/jdk.net" type="simple" />
            <root url="jar://E:/work/jdk11Install/lib/src.zip!/java.rmi" type="simple" />
            <root url="jar://E:/work/jdk11Install/lib/src.zip!/java.sql" type="simple" />
            <root url="jar://E:/work/jdk11Install/lib/src.zip!/java.xml" type="simple" />
            <root url="jar://E:/work/jdk11Install/lib/src.zip!/jdk.jcmd" type="simple" />
            <root url="jar://E:/work/jdk11Install/lib/src.zip!/jdk.pack" type="simple" />
            <root url="jar://E:/work/jdk11Install/lib/src.zip!/jdk.rmic" type="simple" />
            <root url="jar://E:/work/jdk11Install/lib/src.zip!/jdk.sctp" type="simple" />
            <root url="jar://E:/work/jdk11Install/lib/src.zip!/java.base" type="simple" />
            <root url="jar://E:/work/jdk11Install/lib/src.zip!/jdk.jdeps" type="simple" />
            <root url="jar://E:/work/jdk11Install/lib/src.zip!/jdk.jlink" type="simple" />
            <root url="jar://E:/work/jdk11Install/lib/src.zip!/jdk.zipfs" type="simple" />
            <root url="jar://E:/work/jdk11Install/lib/src.zip!/java.prefs" type="simple" />
            <root url="jar://E:/work/jdk11Install/lib/src.zip!/jdk.attach" type="simple" />
            <root url="jar://E:/work/jdk11Install/lib/src.zip!/jdk.jshell" type="simple" />
            <root url="jar://E:/work/jdk11Install/lib/src.zip!/jdk.jstatd" type="simple" />
            <root url="jar://E:/work/jdk11Install/lib/src.zip!/java.naming" type="simple" />
            <root url="jar://E:/work/jdk11Install/lib/src.zip!/jdk.editpad" type="simple" />
            <root url="jar://E:/work/jdk11Install/lib/src.zip!/jdk.jartool" type="simple" />
            <root url="jar://E:/work/jdk11Install/lib/src.zip!/jdk.javadoc" type="simple" />
            <root url="jar://E:/work/jdk11Install/lib/src.zip!/jdk.xml.dom" type="simple" />
            <root url="jar://E:/work/jdk11Install/lib/src.zip!/java.desktop" type="simple" />
            <root url="jar://E:/work/jdk11Install/lib/src.zip!/java.logging" type="simple" />
            <root url="jar://E:/work/jdk11Install/lib/src.zip!/jdk.charsets" type="simple" />
            <root url="jar://E:/work/jdk11Install/lib/src.zip!/jdk.compiler" type="simple" />
            <root url="jar://E:/work/jdk11Install/lib/src.zip!/jdk.dynalink" type="simple" />
            <root url="jar://E:/work/jdk11Install/lib/src.zip!/jdk.jconsole" type="simple" />
            <root url="jar://E:/work/jdk11Install/lib/src.zip!/jdk.jsobject" type="simple" />
            <root url="jar://E:/work/jdk11Install/lib/src.zip!/java.compiler" type="simple" />
            <root url="jar://E:/work/jdk11Install/lib/src.zip!/java.net.http" type="simple" />
            <root url="jar://E:/work/jdk11Install/lib/src.zip!/jdk.crypto.ec" type="simple" />
            <root url="jar://E:/work/jdk11Install/lib/src.zip!/java.scripting" type="simple" />
            <root url="jar://E:/work/jdk11Install/lib/src.zip!/jdk.httpserver" type="simple" />
            <root url="jar://E:/work/jdk11Install/lib/src.zip!/jdk.jdwp.agent" type="simple" />
            <root url="jar://E:/work/jdk11Install/lib/src.zip!/jdk.localedata" type="simple" />
            <root url="jar://E:/work/jdk11Install/lib/src.zip!/jdk.management" type="simple" />
            <root url="jar://E:/work/jdk11Install/lib/src.zip!/jdk.naming.dns" type="simple" />
            <root url="jar://E:/work/jdk11Install/lib/src.zip!/jdk.naming.rmi" type="simple" />
            <root url="jar://E:/work/jdk11Install/lib/src.zip!/java.instrument" type="simple" />
            <root url="jar://E:/work/jdk11Install/lib/src.zip!/java.management" type="simple" />
            <root url="jar://E:/work/jdk11Install/lib/src.zip!/java.sql.rowset" type="simple" />
            <root url="jar://E:/work/jdk11Install/lib/src.zip!/java.xml.crypto" type="simple" />
            <root url="jar://E:/work/jdk11Install/lib/src.zip!/jdk.internal.ed" type="simple" />
            <root url="jar://E:/work/jdk11Install/lib/src.zip!/jdk.internal.le" type="simple" />
            <root url="jar://E:/work/jdk11Install/lib/src.zip!/jdk.naming.ldap" type="simple" />
            <root url="jar://E:/work/jdk11Install/lib/src.zip!/jdk.unsupported" type="simple" />
            <root url="jar://E:/work/jdk11Install/lib/src.zip!/java.smartcardio" type="simple" />
            <root url="jar://E:/work/jdk11Install/lib/src.zip!/jdk.internal.opt" type="simple" />
            <root url="jar://E:/work/jdk11Install/lib/src.zip!/java.datatransfer" type="simple" />
            <root url="jar://E:/work/jdk11Install/lib/src.zip!/jdk.accessibility" type="simple" />
            <root url="jar://E:/work/jdk11Install/lib/src.zip!/jdk.crypto.mscapi" type="simple" />
            <root url="jar://E:/work/jdk11Install/lib/src.zip!/jdk.hotspot.agent" type="simple" />
            <root url="jar://E:/work/jdk11Install/lib/src.zip!/jdk.security.auth" type="simple" />
            <root url="jar://E:/work/jdk11Install/lib/src.zip!/jdk.security.jgss" type="simple" />
            <root url="jar://E:/work/jdk11Install/lib/src.zip!/java.security.jgss" type="simple" />
            <root url="jar://E:/work/jdk11Install/lib/src.zip!/java.security.sasl" type="simple" />
            <root url="jar://E:/work/jdk11Install/lib/src.zip!/jdk.internal.vm.ci" type="simple" />
            <root url="jar://E:/work/jdk11Install/lib/src.zip!/jdk.management.jfr" type="simple" />
            <root url="jar://E:/work/jdk11Install/lib/src.zip!/java.management.rmi" type="simple" />
            <root url="jar://E:/work/jdk11Install/lib/src.zip!/java.transaction.xa" type="simple" />
            <root url="jar://E:/work/jdk11Install/lib/src.zip!/jdk.crypto.cryptoki" type="simple" />
            <root url="jar://E:/work/jdk11Install/lib/src.zip!/jdk.internal.jvmstat" type="simple" />
            <root url="jar://E:/work/jdk11Install/lib/src.zip!/jdk.management.agent" type="simple" />
            <root url="jar://E:/work/jdk11Install/lib/src.zip!/jdk.scripting.nashorn" type="simple" />
            <root url="jar://E:/work/jdk11Install/lib/src.zip!/jdk.unsupported.desktop" type="simple" />
            <root url="jar://E:/work/jdk11Install/lib/src.zip!/jdk.internal.vm.compiler" type="simple" />
            <root url="jar://E:/work/jdk11Install/lib/src.zip!/jdk.scripting.nashorn.shell" type="simple" />
            <root url="jar://E:/work/jdk11Install/lib/src.zip!/jdk.internal.vm.compiler.management" type="simple" />
          </root>
        </sourcePath>
      </roots>
      <additional />
    </jdk>
    <jdk version="2">
      <name value="Android API 31 Platform" />
      <type value="Android SDK" />
      <version value="version 1.8.0_321" />
      <homePath value="E:/work/AndroidSdk" />
      <roots>
        <annotationsPath>
          <root type="composite">
            <root url="jar://E:/work/AndroidSdk/platforms/android-31/data/annotations.zip!/" type="simple" />
          </root>
        </annotationsPath>
        <classPath>
          <root type="composite">
            <root url="jar://E:/work/AndroidSdk/platforms/android-31/android.jar!/" type="simple" />
            <root url="file://E:/work/AndroidSdk/platforms/android-31/data/res" type="simple" />
          </root>
        </classPath>
        <javadocPath>
          <root type="composite" />
        </javadocPath>
        <sourcePath>
          <root type="composite">
            <root url="file://E:/work/AndroidSdk/sources/android-31" type="simple" />
          </root>
        </sourcePath>
      </roots>
      <additional jdk="Android Studio default JDK" sdk="android-31" />
    </jdk>
    <jdk version="2">
      <name value="11 (2)" />
      <type value="JavaSDK" />
      <version value="version 11.0.14" />
      <homePath value="E:/work/jdk11Install" />
      <roots>
        <annotationsPath>
          <root type="composite">
            <root url="jar://$APPLICATION_HOME_DIR$/plugins/java/lib/jdkAnnotations.jar!/" type="simple" />
          </root>
        </annotationsPath>
        <classPath>
          <root type="composite">
            <root url="jrt://E:/work/jdk11Install!/java.base" type="simple" />
            <root url="jrt://E:/work/jdk11Install!/java.compiler" type="simple" />
            <root url="jrt://E:/work/jdk11Install!/java.datatransfer" type="simple" />
            <root url="jrt://E:/work/jdk11Install!/java.desktop" type="simple" />
            <root url="jrt://E:/work/jdk11Install!/java.instrument" type="simple" />
            <root url="jrt://E:/work/jdk11Install!/java.logging" type="simple" />
            <root url="jrt://E:/work/jdk11Install!/java.management" type="simple" />
            <root url="jrt://E:/work/jdk11Install!/java.management.rmi" type="simple" />
            <root url="jrt://E:/work/jdk11Install!/java.naming" type="simple" />
            <root url="jrt://E:/work/jdk11Install!/java.net.http" type="simple" />
            <root url="jrt://E:/work/jdk11Install!/java.prefs" type="simple" />
            <root url="jrt://E:/work/jdk11Install!/java.rmi" type="simple" />
            <root url="jrt://E:/work/jdk11Install!/java.scripting" type="simple" />
            <root url="jrt://E:/work/jdk11Install!/java.se" type="simple" />
            <root url="jrt://E:/work/jdk11Install!/java.security.jgss" type="simple" />
            <root url="jrt://E:/work/jdk11Install!/java.security.sasl" type="simple" />
            <root url="jrt://E:/work/jdk11Install!/java.smartcardio" type="simple" />
            <root url="jrt://E:/work/jdk11Install!/java.sql" type="simple" />
            <root url="jrt://E:/work/jdk11Install!/java.sql.rowset" type="simple" />
            <root url="jrt://E:/work/jdk11Install!/java.transaction.xa" type="simple" />
            <root url="jrt://E:/work/jdk11Install!/java.xml" type="simple" />
            <root url="jrt://E:/work/jdk11Install!/java.xml.crypto" type="simple" />
            <root url="jrt://E:/work/jdk11Install!/jdk.accessibility" type="simple" />
            <root url="jrt://E:/work/jdk11Install!/jdk.attach" type="simple" />
            <root url="jrt://E:/work/jdk11Install!/jdk.charsets" type="simple" />
            <root url="jrt://E:/work/jdk11Install!/jdk.compiler" type="simple" />
            <root url="jrt://E:/work/jdk11Install!/jdk.crypto.cryptoki" type="simple" />
            <root url="jrt://E:/work/jdk11Install!/jdk.crypto.ec" type="simple" />
            <root url="jrt://E:/work/jdk11Install!/jdk.crypto.mscapi" type="simple" />
            <root url="jrt://E:/work/jdk11Install!/jdk.dynalink" type="simple" />
            <root url="jrt://E:/work/jdk11Install!/jdk.editpad" type="simple" />
            <root url="jrt://E:/work/jdk11Install!/jdk.hotspot.agent" type="simple" />
            <root url="jrt://E:/work/jdk11Install!/jdk.httpserver" type="simple" />
            <root url="jrt://E:/work/jdk11Install!/jdk.internal.ed" type="simple" />
            <root url="jrt://E:/work/jdk11Install!/jdk.internal.jvmstat" type="simple" />
            <root url="jrt://E:/work/jdk11Install!/jdk.internal.le" type="simple" />
            <root url="jrt://E:/work/jdk11Install!/jdk.internal.opt" type="simple" />
            <root url="jrt://E:/work/jdk11Install!/jdk.internal.vm.ci" type="simple" />
            <root url="jrt://E:/work/jdk11Install!/jdk.internal.vm.compiler" type="simple" />
            <root url="jrt://E:/work/jdk11Install!/jdk.internal.vm.compiler.management" type="simple" />
            <root url="jrt://E:/work/jdk11Install!/jdk.jartool" type="simple" />
            <root url="jrt://E:/work/jdk11Install!/jdk.javadoc" type="simple" />
            <root url="jrt://E:/work/jdk11Install!/jdk.jcmd" type="simple" />
            <root url="jrt://E:/work/jdk11Install!/jdk.jconsole" type="simple" />
            <root url="jrt://E:/work/jdk11Install!/jdk.jdeps" type="simple" />
            <root url="jrt://E:/work/jdk11Install!/jdk.jdi" type="simple" />
            <root url="jrt://E:/work/jdk11Install!/jdk.jdwp.agent" type="simple" />
            <root url="jrt://E:/work/jdk11Install!/jdk.jfr" type="simple" />
            <root url="jrt://E:/work/jdk11Install!/jdk.jlink" type="simple" />
            <root url="jrt://E:/work/jdk11Install!/jdk.jshell" type="simple" />
            <root url="jrt://E:/work/jdk11Install!/jdk.jsobject" type="simple" />
            <root url="jrt://E:/work/jdk11Install!/jdk.jstatd" type="simple" />
            <root url="jrt://E:/work/jdk11Install!/jdk.localedata" type="simple" />
            <root url="jrt://E:/work/jdk11Install!/jdk.management" type="simple" />
            <root url="jrt://E:/work/jdk11Install!/jdk.management.agent" type="simple" />
            <root url="jrt://E:/work/jdk11Install!/jdk.management.jfr" type="simple" />
            <root url="jrt://E:/work/jdk11Install!/jdk.naming.dns" type="simple" />
            <root url="jrt://E:/work/jdk11Install!/jdk.naming.ldap" type="simple" />
            <root url="jrt://E:/work/jdk11Install!/jdk.naming.rmi" type="simple" />
            <root url="jrt://E:/work/jdk11Install!/jdk.net" type="simple" />
            <root url="jrt://E:/work/jdk11Install!/jdk.pack" type="simple" />
            <root url="jrt://E:/work/jdk11Install!/jdk.rmic" type="simple" />
            <root url="jrt://E:/work/jdk11Install!/jdk.scripting.nashorn" type="simple" />
            <root url="jrt://E:/work/jdk11Install!/jdk.scripting.nashorn.shell" type="simple" />
            <root url="jrt://E:/work/jdk11Install!/jdk.sctp" type="simple" />
            <root url="jrt://E:/work/jdk11Install!/jdk.security.auth" type="simple" />
            <root url="jrt://E:/work/jdk11Install!/jdk.security.jgss" type="simple" />
            <root url="jrt://E:/work/jdk11Install!/jdk.unsupported" type="simple" />
            <root url="jrt://E:/work/jdk11Install!/jdk.unsupported.desktop" type="simple" />
            <root url="jrt://E:/work/jdk11Install!/jdk.xml.dom" type="simple" />
            <root url="jrt://E:/work/jdk11Install!/jdk.zipfs" type="simple" />
          </root>
        </classPath>
        <javadocPath>
          <root type="composite" />
        </javadocPath>
        <sourcePath>
          <root type="composite">
            <root url="jar://E:/work/jdk11Install/lib/src.zip!/java.se" type="simple" />
            <root url="jar://E:/work/jdk11Install/lib/src.zip!/jdk.jdi" type="simple" />
            <root url="jar://E:/work/jdk11Install/lib/src.zip!/jdk.jfr" type="simple" />
            <root url="jar://E:/work/jdk11Install/lib/src.zip!/jdk.net" type="simple" />
            <root url="jar://E:/work/jdk11Install/lib/src.zip!/java.rmi" type="simple" />
            <root url="jar://E:/work/jdk11Install/lib/src.zip!/java.sql" type="simple" />
            <root url="jar://E:/work/jdk11Install/lib/src.zip!/java.xml" type="simple" />
            <root url="jar://E:/work/jdk11Install/lib/src.zip!/jdk.jcmd" type="simple" />
            <root url="jar://E:/work/jdk11Install/lib/src.zip!/jdk.pack" type="simple" />
            <root url="jar://E:/work/jdk11Install/lib/src.zip!/jdk.rmic" type="simple" />
            <root url="jar://E:/work/jdk11Install/lib/src.zip!/jdk.sctp" type="simple" />
            <root url="jar://E:/work/jdk11Install/lib/src.zip!/java.base" type="simple" />
            <root url="jar://E:/work/jdk11Install/lib/src.zip!/jdk.jdeps" type="simple" />
            <root url="jar://E:/work/jdk11Install/lib/src.zip!/jdk.jlink" type="simple" />
            <root url="jar://E:/work/jdk11Install/lib/src.zip!/jdk.zipfs" type="simple" />
            <root url="jar://E:/work/jdk11Install/lib/src.zip!/java.prefs" type="simple" />
            <root url="jar://E:/work/jdk11Install/lib/src.zip!/jdk.attach" type="simple" />
            <root url="jar://E:/work/jdk11Install/lib/src.zip!/jdk.jshell" type="simple" />
            <root url="jar://E:/work/jdk11Install/lib/src.zip!/jdk.jstatd" type="simple" />
            <root url="jar://E:/work/jdk11Install/lib/src.zip!/java.naming" type="simple" />
            <root url="jar://E:/work/jdk11Install/lib/src.zip!/jdk.editpad" type="simple" />
            <root url="jar://E:/work/jdk11Install/lib/src.zip!/jdk.jartool" type="simple" />
            <root url="jar://E:/work/jdk11Install/lib/src.zip!/jdk.javadoc" type="simple" />
            <root url="jar://E:/work/jdk11Install/lib/src.zip!/jdk.xml.dom" type="simple" />
            <root url="jar://E:/work/jdk11Install/lib/src.zip!/java.desktop" type="simple" />
            <root url="jar://E:/work/jdk11Install/lib/src.zip!/java.logging" type="simple" />
            <root url="jar://E:/work/jdk11Install/lib/src.zip!/jdk.charsets" type="simple" />
            <root url="jar://E:/work/jdk11Install/lib/src.zip!/jdk.compiler" type="simple" />
            <root url="jar://E:/work/jdk11Install/lib/src.zip!/jdk.dynalink" type="simple" />
            <root url="jar://E:/work/jdk11Install/lib/src.zip!/jdk.jconsole" type="simple" />
            <root url="jar://E:/work/jdk11Install/lib/src.zip!/jdk.jsobject" type="simple" />
            <root url="jar://E:/work/jdk11Install/lib/src.zip!/java.compiler" type="simple" />
            <root url="jar://E:/work/jdk11Install/lib/src.zip!/java.net.http" type="simple" />
            <root url="jar://E:/work/jdk11Install/lib/src.zip!/jdk.crypto.ec" type="simple" />
            <root url="jar://E:/work/jdk11Install/lib/src.zip!/java.scripting" type="simple" />
            <root url="jar://E:/work/jdk11Install/lib/src.zip!/jdk.httpserver" type="simple" />
            <root url="jar://E:/work/jdk11Install/lib/src.zip!/jdk.jdwp.agent" type="simple" />
            <root url="jar://E:/work/jdk11Install/lib/src.zip!/jdk.localedata" type="simple" />
            <root url="jar://E:/work/jdk11Install/lib/src.zip!/jdk.management" type="simple" />
            <root url="jar://E:/work/jdk11Install/lib/src.zip!/jdk.naming.dns" type="simple" />
            <root url="jar://E:/work/jdk11Install/lib/src.zip!/jdk.naming.rmi" type="simple" />
            <root url="jar://E:/work/jdk11Install/lib/src.zip!/java.instrument" type="simple" />
            <root url="jar://E:/work/jdk11Install/lib/src.zip!/java.management" type="simple" />
            <root url="jar://E:/work/jdk11Install/lib/src.zip!/java.sql.rowset" type="simple" />
            <root url="jar://E:/work/jdk11Install/lib/src.zip!/java.xml.crypto" type="simple" />
            <root url="jar://E:/work/jdk11Install/lib/src.zip!/jdk.internal.ed" type="simple" />
            <root url="jar://E:/work/jdk11Install/lib/src.zip!/jdk.internal.le" type="simple" />
            <root url="jar://E:/work/jdk11Install/lib/src.zip!/jdk.naming.ldap" type="simple" />
            <root url="jar://E:/work/jdk11Install/lib/src.zip!/jdk.unsupported" type="simple" />
            <root url="jar://E:/work/jdk11Install/lib/src.zip!/java.smartcardio" type="simple" />
            <root url="jar://E:/work/jdk11Install/lib/src.zip!/jdk.internal.opt" type="simple" />
            <root url="jar://E:/work/jdk11Install/lib/src.zip!/java.datatransfer" type="simple" />
            <root url="jar://E:/work/jdk11Install/lib/src.zip!/jdk.accessibility" type="simple" />
            <root url="jar://E:/work/jdk11Install/lib/src.zip!/jdk.crypto.mscapi" type="simple" />
            <root url="jar://E:/work/jdk11Install/lib/src.zip!/jdk.hotspot.agent" type="simple" />
            <root url="jar://E:/work/jdk11Install/lib/src.zip!/jdk.security.auth" type="simple" />
            <root url="jar://E:/work/jdk11Install/lib/src.zip!/jdk.security.jgss" type="simple" />
            <root url="jar://E:/work/jdk11Install/lib/src.zip!/java.security.jgss" type="simple" />
            <root url="jar://E:/work/jdk11Install/lib/src.zip!/java.security.sasl" type="simple" />
            <root url="jar://E:/work/jdk11Install/lib/src.zip!/jdk.internal.vm.ci" type="simple" />
            <root url="jar://E:/work/jdk11Install/lib/src.zip!/jdk.management.jfr" type="simple" />
            <root url="jar://E:/work/jdk11Install/lib/src.zip!/java.management.rmi" type="simple" />
            <root url="jar://E:/work/jdk11Install/lib/src.zip!/java.transaction.xa" type="simple" />
            <root url="jar://E:/work/jdk11Install/lib/src.zip!/jdk.crypto.cryptoki" type="simple" />
            <root url="jar://E:/work/jdk11Install/lib/src.zip!/jdk.internal.jvmstat" type="simple" />
            <root url="jar://E:/work/jdk11Install/lib/src.zip!/jdk.management.agent" type="simple" />
            <root url="jar://E:/work/jdk11Install/lib/src.zip!/jdk.scripting.nashorn" type="simple" />
            <root url="jar://E:/work/jdk11Install/lib/src.zip!/jdk.unsupported.desktop" type="simple" />
            <root url="jar://E:/work/jdk11Install/lib/src.zip!/jdk.internal.vm.compiler" type="simple" />
            <root url="jar://E:/work/jdk11Install/lib/src.zip!/jdk.scripting.nashorn.shell" type="simple" />
            <root url="jar://E:/work/jdk11Install/lib/src.zip!/jdk.internal.vm.compiler.management" type="simple" />
          </root>
        </sourcePath>
      </roots>
      <additional />
    </jdk>
    <jdk version="2">
      <name value="Android API 22 Platform" />
      <type value="Android SDK" />
      <version value="version 1.8.0_321" />
      <homePath value="E:/work/AndroidSdk" />
      <roots>
        <annotationsPath>
          <root type="composite">
            <root url="jar://$APPLICATION_HOME_DIR$/plugins/android/resources/androidAnnotations.jar!/" type="simple" />
          </root>
        </annotationsPath>
        <classPath>
          <root type="composite">
            <root url="jar://E:/work/AndroidSdk/platforms/android-22/android.jar!/" type="simple" />
            <root url="file://E:/work/AndroidSdk/platforms/android-22/data/res" type="simple" />
          </root>
        </classPath>
        <javadocPath>
          <root type="composite">
            <root url="http://developer.android.com/reference/" type="simple" />
          </root>
        </javadocPath>
        <sourcePath>
          <root type="composite" />
        </sourcePath>
      </roots>
      <additional jdk="Android Studio default JDK" sdk="android-22" />
    </jdk>
    <jdk version="2">
      <name value="Android API 33 Platform" />
      <type value="Android SDK" />
      <version value="version 1.8.0_321" />
      <homePath value="E:/work/AndroidSdk" />
      <roots>
        <annotationsPath>
          <root type="composite">
            <root url="jar://E:/work/AndroidSdk/platforms/android-33/data/annotations.zip!/" type="simple" />
          </root>
        </annotationsPath>
        <classPath>
          <root type="composite">
            <root url="jar://E:/work/AndroidSdk/platforms/android-33/android.jar!/" type="simple" />
            <root url="file://E:/work/AndroidSdk/platforms/android-33/data/res" type="simple" />
          </root>
        </classPath>
        <javadocPath>
          <root type="composite" />
        </javadocPath>
        <sourcePath>
          <root type="composite">
            <root url="file://E:/work/AndroidSdk/sources/android-33" type="simple" />
          </root>
        </sourcePath>
      </roots>
      <additional jdk="Android Studio default JDK" sdk="android-33" />
    </jdk>
  </component>
</application>