<keymap version="1" name="Eclipse copy" parent="Eclipse">
  <action id="ChangesView.GroupBy.Directory" />
  <action id="CloseActiveTab" />
  <action id="CloseContent">
    <keyboard-shortcut first-keystroke="ctrl w" />
  </action>
  <action id="CompileDirty">
    <keyboard-shortcut first-keystroke="ctrl f9" />
  </action>
  <action id="Debug">
    <keyboard-shortcut first-keystroke="shift f9" />
  </action>
  <action id="EditorLineStart" />
  <action id="EditorScrollTop">
    <keyboard-shortcut first-keystroke="home" />
  </action>
  <action id="ExportSettings">
    <keyboard-shortcut first-keystroke="shift alt end" />
  </action>
  <action id="FileChooser.TogglePathShowing" />
  <action id="Print" />
  <action id="ReplaceInPath">
    <keyboard-shortcut first-keystroke="ctrl p" />
  </action>
  <action id="Run">
    <keyboard-shortcut first-keystroke="shift alt x" />
    <keyboard-shortcut first-keystroke="shift f10" />
    <keyboard-shortcut first-keystroke="shift alt d" />
  </action>
  <action id="TodoViewGroupByShowPackages" />
  <action id="UpdateRunningApplication" />
  <action id="android.deploy.ApplyChanges">
    <keyboard-shortcut first-keystroke="ctrl f10" />
  </action>
  <action id="android.deploy.CodeSwap">
    <keyboard-shortcut first-keystroke="ctrl alt f10" />
  </action>
  <action id="hg4idea.QFold" />
</keymap>